article,content,number
3461,<p>pagecontent</p>,1
3461,<p>pagecontent</p>,2
3461,<p>pagecontent</p>,3
3462,<p>pagecontent</p>,1
3462,<p>pagecontent</p>,2
3462,<p>pagecontent</p>,3
3463,<p>pagecontent</p>,1
3463,<p>pagecontent</p>,2
3463,<p>pagecontent</p>,3
3464,<p>pagecontent</p>,1
3464,<p>pagecontent</p>,2
3464,<p>pagecontent</p>,3
3465,<p>pagecontent</p>,1
3465,<p>pagecontent</p>,2
3465,<p>pagecontent</p>,3
3466,<p>pagecontent</p>,1
3466,<p>pagecontent</p>,2
3466,<p>pagecontent</p>,3
3467,<p>pagecontent</p>,1
3467,<p>pagecontent</p>,2
3467,<p>pagecontent</p>,3
3468,<p>pagecontent</p>,1
3468,<p>pagecontent</p>,2
3468,<p>pagecontent</p>,3
3469,<p>pagecontent</p>,1
3469,<p>pagecontent</p>,2
3469,<p>pagecontent</p>,3
3470,<p>pagecontent</p>,1
3470,<p>pagecontent</p>,2
3470,<p>pagecontent</p>,3
3471,<p>pagecontent</p>,1
3471,<p>pagecontent</p>,2
3471,<p>pagecontent</p>,3
3472,<p>pagecontent</p>,1
3472,<p>pagecontent</p>,2
3472,<p>pagecontent</p>,3
3473,<p>pagecontent</p>,1
3473,<p>pagecontent</p>,2
3473,<p>pagecontent</p>,3
3474,<p>pagecontent</p>,1
3474,<p>pagecontent</p>,2
3474,<p>pagecontent</p>,3
3475,<p>pagecontent</p>,1
3475,<p>pagecontent</p>,2
3475,<p>pagecontent</p>,3
3476,<p>pagecontent</p>,1
3476,<p>pagecontent</p>,2
3476,<p>pagecontent</p>,3
3477,<p>pagecontent</p>,1
3477,<p>pagecontent</p>,2
3477,<p>pagecontent</p>,3
3478,<p>pagecontent</p>,1
3478,<p>pagecontent</p>,2
3478,<p>pagecontent</p>,3
3479,<p>pagecontent</p>,1
3479,<p>pagecontent</p>,2
3479,<p>pagecontent</p>,3
3480,<p>pagecontent</p>,1
3480,<p>pagecontent</p>,2
3480,<p>pagecontent</p>,3
3481,<p>pagecontent</p>,1
3481,<p>pagecontent</p>,2
3481,<p>pagecontent</p>,3
3482,<p>pagecontent</p>,1
3482,<p>pagecontent</p>,2
3482,<p>pagecontent</p>,3
3483,<p>pagecontent</p>,1
3483,<p>pagecontent</p>,2
3483,<p>pagecontent</p>,3
3484,<p>pagecontent</p>,1
3484,<p>pagecontent</p>,2
3484,<p>pagecontent</p>,3
3485,<p>pagecontent</p>,1
3485,<p>pagecontent</p>,2
3485,<p>pagecontent</p>,3
3486,<p>pagecontent</p>,1
3486,<p>pagecontent</p>,2
3486,<p>pagecontent</p>,3
3487,<p>pagecontent</p>,1
3487,<p>pagecontent</p>,2
3487,<p>pagecontent</p>,3
3488,<p>pagecontent</p>,1
3488,<p>pagecontent</p>,2
3488,<p>pagecontent</p>,3
3489,<p>pagecontent</p>,1
3489,<p>pagecontent</p>,2
3489,<p>pagecontent</p>,3
3490,<p>pagecontent</p>,1
3490,<p>pagecontent</p>,2
3490,<p>pagecontent</p>,3
3491,<p>pagecontent</p>,1
3491,<p>pagecontent</p>,2
3491,<p>pagecontent</p>,3
3492,<p>pagecontent</p>,1
3492,<p>pagecontent</p>,2
3492,<p>pagecontent</p>,3
3493,<p>pagecontent</p>,1
3493,<p>pagecontent</p>,2
3493,<p>pagecontent</p>,3
3494,<p>pagecontent</p>,1
3494,<p>pagecontent</p>,2
3494,<p>pagecontent</p>,3
3495,<p>pagecontent</p>,1
3495,<p>pagecontent</p>,2
3495,<p>pagecontent</p>,3
3496,<p>pagecontent</p>,1
3496,<p>pagecontent</p>,2
3496,<p>pagecontent</p>,3
3497,<p>pagecontent</p>,1
3497,<p>pagecontent</p>,2
3497,<p>pagecontent</p>,3
3498,<p>pagecontent</p>,1
3498,<p>pagecontent</p>,2
3498,<p>pagecontent</p>,3
3499,<p>pagecontent</p>,1
3499,<p>pagecontent</p>,2
3499,<p>pagecontent</p>,3
3500,<p>pagecontent</p>,1
3500,<p>pagecontent</p>,2
3500,<p>pagecontent</p>,3
3501,<p>pagecontent</p>,1
3501,<p>pagecontent</p>,2
3501,<p>pagecontent</p>,3
3502,<p>pagecontent</p>,1
3502,<p>pagecontent</p>,2
3502,<p>pagecontent</p>,3
3503,<p>pagecontent</p>,1
3503,<p>pagecontent</p>,2
3503,<p>pagecontent</p>,3
3504,<p>pagecontent</p>,1
3504,<p>pagecontent</p>,2
3504,<p>pagecontent</p>,3
3505,<p>pagecontent</p>,1
3505,<p>pagecontent</p>,2
3505,<p>pagecontent</p>,3
3506,<p>pagecontent</p>,1
3506,<p>pagecontent</p>,2
3506,<p>pagecontent</p>,3
3507,<p>pagecontent</p>,1
3507,<p>pagecontent</p>,2
3507,<p>pagecontent</p>,3
3508,<p>pagecontent</p>,1
3508,<p>pagecontent</p>,2
3508,<p>pagecontent</p>,3
3509,<p>pagecontent</p>,1
3509,<p>pagecontent</p>,2
3509,<p>pagecontent</p>,3
3510,<p>pagecontent</p>,1
3510,<p>pagecontent</p>,2
3510,<p>pagecontent</p>,3
3511,<p>pagecontent</p>,1
3511,<p>pagecontent</p>,2
3511,<p>pagecontent</p>,3
3512,<p>pagecontent</p>,1
3512,<p>pagecontent</p>,2
3512,<p>pagecontent</p>,3
3513,<p>pagecontent</p>,1
3513,<p>pagecontent</p>,2
3513,<p>pagecontent</p>,3
3514,<p>pagecontent</p>,1
3514,<p>pagecontent</p>,2
3514,<p>pagecontent</p>,3
3515,<p>pagecontent</p>,1
3515,<p>pagecontent</p>,2
3515,<p>pagecontent</p>,3
3516,<p>pagecontent</p>,1
3516,<p>pagecontent</p>,2
3516,<p>pagecontent</p>,3
3517,<p>pagecontent</p>,1
3517,<p>pagecontent</p>,2
3517,<p>pagecontent</p>,3
3518,<p>pagecontent</p>,1
3518,<p>pagecontent</p>,2
3518,<p>pagecontent</p>,3
3519,<p>pagecontent</p>,1
3519,<p>pagecontent</p>,2
3519,<p>pagecontent</p>,3